{
  "info": {

    "accounts": {
      "youTube": "https://youtube.com/@katashifukushima",
      "instagram": "https://www.instagram.com/katashi_fukushima",
      "katashibot_md": "https://github.com/KatashiFukushima/KatashiBot-MD",
      "gatabot_md": "https://github.com/GataNina-Li/GataBot-MD",
      "facebook": "https://www.facebook.com/KatashiFukushimaF",
      "tiktok": "https://www.tiktok.com/@katashi_fukushima",
      "threads": "https://www.threads.net/@katashi_fukushima",
      "paypal": "https://paypal.me/KatashiF",
      "github": "https://github.com/KatashiFukushima",
      "mail": "katashifukushima23@gmail.com",
      "all": "https://www.atom.bio/katashifukushima"
    },

    "channels": {
      "channel1": "https://whatsapp.com/channel/0029Va98AwkISTkJMjfZtZ1T",
      "channel2": "https://whatsapp.com/channel/0029Va98AwkISTkJMjfZtZ1T",
      "channel3": "https://whatsapp.com/channel/0029Va98AwkISTkJMjfZtZ1T",
      "channel4": "https://discord.gg/MUbBJAMs"
    },

    "groups": {
      "group1": "https://chat.whatsapp.com/If9vDsAxJPDLlgIjYAKF1l",
      "group1": "https://chat.whatsapp.com/If9vDsAxJPDLlgIjYAKF1l",
      "group1": "https://chat.whatsapp.com/If9vDsAxJPDLlgIjYAKF1l",
      "group1": "https://chat.whatsapp.com/If9vDsAxJPDLlgIjYAKF1l",
      "group1": "https://chat.whatsapp.com/If9vDsAxJPDLlgIjYAKF1l",
      "group1": "httphttps://chat.whatsapp.com/If9vDsAxJPDLlgIjYAKF1l"
    },

    "collaboration": {
      "group1": "https://chat.whatsapp.com/GQ82mPnSYnm0XL2hLPk7FV",
      "group2": "https://chat.whatsapp.com/GrcXB1NINsDAPp4fCVgwfX",
      "group3": "https://chat.whatsapp.com/Gxpc9XjJ8MALe4bCR3nRtL",
      "group4": "https://chat.whatsapp.com/FwQDYWZHkli4fwQKEn2ps7"
    },

    "sponsors": {
      "infinity": "https://dashboard.infinitywa.xyz/",
      "cafirexos": "https://github.com/GataNina-Li",
      "vortexus": "https://vortexuscloud.com",
      "asif": "https://t.me/Asifhosting"
    },

    "others": {
      "assistance_num": "https://wa.me/51982110760",
      "yt_vid": "https://www.youtube.com/shorts/ZLJYDUM6vSY",
      "group_support": "https://chat.whatsapp.com/If9vDsAxJPDLlgIjYAKF1l"
    }

  }
}

